timestamp,rpm,flow,pressure,power
2026-05-16 17:45:44,817.76,27.71,2.69,344.03
2026-05-16 17:45:46,573.85,41.92,1.75,122.43
2026-05-16 17:45:48,810.61,33.52,4.6,300.92
2026-05-16 17:45:50,900.11,32.95,2.55,308.25
2026-05-16 17:45:52,947.59,19.59,5.93,294.33
2026-05-16 17:45:54,899.34,44.64,5.7,188.07
2026-05-16 17:45:56,879.81,37.16,2.51,84.19
2026-05-16 17:45:58,406.94,15.83,2.68,181.08
2026-05-16 17:46:00,702.42,29.51,5.4,64.2
2026-05-16 17:46:02,906.57,20.94,4.34,348.58
2026-05-16 17:46:04,818.72,20.81,3.01,182.13
2026-05-16 17:46:06,605.46,44.49,4.56,318.77
2026-05-16 17:46:08,852.31,19.77,2.06,347.1
2026-05-16 17:46:10,728.61,37.33,4.2,167.98
2026-05-16 17:46:12,587.88,24.84,2.24,230.74
2026-05-16 17:46:15,779.01,26.85,5.33,59.91
2026-05-16 17:46:17,711.56,40.13,1.93,288.26
2026-05-16 17:46:19,862.75,20.78,1.84,307.56
2026-05-16 17:46:21,454.1,30.41,1.54,295.13
2026-05-16 17:46:24,826.95,27.95,5.61,285.66
2026-05-16 17:46:26,846.2,37.58,1.99,261.62
2026-05-16 17:46:28,873.27,38.19,4.55,291.34
2026-05-16 17:46:30,545.59,33.93,5.74,229.02
2026-05-16 17:46:32,435.15,34.54,3.44,218.11
2026-05-16 17:46:34,593.32,38.33,2.57,69.62
2026-05-16 17:46:36,675.04,37.03,1.82,90.1
2026-05-16 17:46:38,644.29,44.43,1.54,265.65
2026-05-16 17:46:40,589.38,20.65,1.61,99.35
2026-05-16 17:46:42,847.07,21.12,4.82,241.59
2026-05-16 17:46:44,760.29,38.42,5.09,206.55
2026-05-16 17:46:46,688.91,20.43,4.44,246.34
2026-05-16 17:46:50,617.76,43.17,3.7,191.1
2026-05-16 17:46:52,851.49,19.1,2.49,135.65
2026-05-16 17:46:54,924.02,17.79,1.66,186.03
2026-05-16 17:46:57,911.39,40.83,5.03,301.05
2026-05-16 17:46:59,773.89,39.93,3.35,155.47
2026-05-16 17:47:01,489.93,20.77,4.58,307.35
2026-05-16 17:47:03,679.5,39.33,2.18,338.45
2026-05-16 17:47:05,884.9,43.47,5.43,177.79
2026-05-16 17:47:07,702.07,21.59,2.93,275.05
2026-05-16 17:47:09,449.39,15.84,3.07,71.81
2026-05-16 17:47:12,568.83,18.83,3.69,114.26
2026-05-16 17:47:14,473.59,35.23,2.66,149.74
2026-05-16 17:47:16,726.16,44.35,2.72,140.56
2026-05-16 17:47:18,541.69,24.96,4.5,94.86
2026-05-16 17:47:20,718.85,22.21,3.32,299.47
2026-05-16 17:47:23,721.73,32.18,2.8,323.44
2026-05-16 17:47:25,854.41,44.19,5.92,165.02
2026-05-16 17:47:27,481.93,37.67,4.79,294.6
2026-05-16 17:47:29,700.61,28.18,4.37,95.89
2026-05-16 17:47:31,448.95,29.3,1.81,167.88
2026-05-16 17:47:33,651.97,22.53,2.26,142.56
2026-05-16 17:47:35,907.67,25.43,2.77,203.21
2026-05-16 17:47:37,495.71,16.52,1.8,216.32
2026-05-16 17:47:39,572.6,28.02,3.93,222.73
2026-05-16 17:47:41,416.11,33.46,2.6,104.27
2026-05-16 17:47:43,791.84,26.05,2.33,332.47
2026-05-16 17:47:45,766.75,15.2,3.88,184.71
2026-05-16 17:47:47,490.4,38.7,5.21,182.59
2026-05-16 17:47:49,722.43,38.1,4.64,56.2
2026-05-16 17:47:51,644.44,28.68,4.27,245.15
2026-05-16 17:47:53,608.24,23.81,5.86,312.38
2026-05-16 17:47:55,948.76,31.42,2.3,175.22
2026-05-16 17:47:57,561.66,42.59,1.84,164.32
2026-05-16 17:47:59,587.2,28.59,4.79,130.55
2026-05-16 17:48:01,661.22,17.92,2.15,348.07
2026-05-16 17:48:03,897.22,23.48,2.51,196.24
2026-05-16 17:48:05,674.25,42.99,5.93,104.91
2026-05-16 17:48:07,831.51,17.7,2.72,253.44
2026-05-16 17:48:09,581.21,34.61,4.45,107.7
2026-05-16 17:48:11,821.68,38.48,4.08,313.66
2026-05-16 17:48:13,706.38,20.25,3.38,180.45
2026-05-16 17:48:15,824.89,39.52,5.21,105.99
2026-05-16 17:48:17,556.37,29.58,5.79,302.02
2026-05-16 17:48:19,762.77,44.27,5.8,212.26
2026-05-16 17:48:21,546.86,23.27,5.01,312.53
2026-05-16 17:48:24,886.72,24.62,5.6,180.81
2026-05-16 17:48:26,487.05,29.41,5.48,258.7
2026-05-16 17:48:28,453.95,23.68,3.56,90.67
2026-05-16 17:48:30,500.59,37.5,3.62,51.5
2026-05-16 17:48:32,653.19,31.59,2.19,96.95
2026-05-16 17:48:34,914.22,19.94,5.95,161.53
2026-05-16 17:48:36,490.66,40.95,1.63,86.25
2026-05-16 17:48:38,571.78,36.62,3.14,91.99
2026-05-16 17:48:40,801.89,17.68,3.39,56.05
2026-05-16 17:48:42,629.54,42.06,3.25,133.57
2026-05-16 17:48:44,656.27,26.48,3.92,130.8
2026-05-16 17:48:46,554.68,15.45,3.46,119.21
2026-05-16 17:48:48,882.18,31.83,2.21,56.55
2026-05-16 17:48:50,473.46,43.37,3.63,160.93
2026-05-16 17:48:52,661.36,37.71,4.45,87.23
2026-05-16 17:48:54,401.9,25.68,3.21,284.47
2026-05-16 17:48:56,655.55,19.55,3.0,89.05
2026-05-16 17:48:58,496.76,33.95,5.51,80.29
2026-05-16 17:49:00,425.36,38.75,1.54,51.93
2026-05-16 17:49:02,711.28,28.83,5.19,179.16
2026-05-16 17:49:04,895.45,22.51,4.13,348.09
2026-05-16 17:49:06,814.62,24.54,4.16,264.2
2026-05-16 17:49:08,798.42,33.16,4.88,252.14
2026-05-16 17:49:10,641.67,20.27,4.17,127.97
2026-05-16 17:49:12,523.58,28.79,3.98,214.58
2026-05-16 17:49:14,761.98,16.49,5.38,131.34
2026-05-16 17:49:16,679.59,39.39,3.35,324.24
2026-05-16 17:49:19,578.82,20.51,3.03,147.48
2026-05-16 17:49:21,835.27,22.09,5.14,180.11
2026-05-16 17:49:23,735.72,17.61,2.97,332.6
2026-05-16 17:49:25,881.92,30.36,4.93,294.68
2026-05-16 17:49:27,486.67,19.51,2.83,141.89
2026-05-16 17:49:29,801.98,23.56,2.32,266.35
2026-05-16 17:49:31,882.77,33.39,4.01,299.87
2026-05-16 17:49:33,922.62,44.02,3.1,337.63
2026-05-16 17:49:35,523.45,33.43,3.87,84.25
2026-05-16 17:49:37,701.62,28.72,3.26,112.03
2026-05-16 17:49:40,644.27,40.87,2.46,120.18
2026-05-16 17:49:42,878.84,23.95,4.47,336.52
2026-05-16 17:49:44,750.01,42.13,4.46,143.57
2026-05-16 17:49:46,558.44,44.69,1.67,296.26
2026-05-16 17:49:48,452.87,37.96,2.3,218.36
2026-05-16 17:49:50,649.64,26.17,2.75,215.95
2026-05-16 17:49:52,744.39,18.9,2.46,219.61
2026-05-16 17:49:54,482.69,25.86,4.11,61.61
2026-05-16 17:49:56,917.75,21.59,4.4,238.89
2026-05-16 17:49:58,938.03,25.83,5.5,301.8
2026-05-16 17:50:00,906.38,17.85,5.25,103.54
2026-05-16 17:50:02,675.37,41.88,1.96,135.3
2026-05-16 17:50:04,538.49,27.35,5.82,116.79
2026-05-16 17:50:06,703.0,37.36,1.98,123.95
2026-05-16 17:50:08,462.54,33.41,5.25,302.63
2026-05-16 17:50:10,595.12,17.59,5.0,229.77
2026-05-16 17:50:12,907.86,19.74,3.16,98.47
2026-05-16 17:50:14,466.5,42.46,5.8,67.28
2026-05-16 17:50:16,486.41,36.07,3.78,84.35
2026-05-16 17:50:18,590.08,39.11,5.4,55.49
2026-05-16 17:50:20,909.4,31.12,5.87,248.83
2026-05-16 17:50:22,821.1,41.62,4.18,160.88
2026-05-16 17:50:24,943.07,38.77,1.67,314.21
2026-05-16 17:50:26,864.49,25.44,4.61,231.51
2026-05-16 17:50:29,940.66,40.36,3.97,341.21
2026-05-16 17:50:31,543.63,19.48,2.69,298.13
2026-05-16 17:50:33,901.73,29.66,3.14,87.78
2026-05-16 17:50:35,562.44,27.06,5.04,62.01
2026-05-16 17:50:37,703.3,34.47,1.97,327.93
2026-05-16 17:50:39,608.53,39.52,2.12,257.92
2026-05-16 17:50:41,463.29,37.54,2.9,73.39
2026-05-16 17:50:43,761.02,44.76,1.88,260.02
2026-05-16 17:50:45,547.42,33.76,3.95,215.1
2026-05-16 17:50:47,606.42,33.41,5.62,173.94
2026-05-16 17:50:49,897.56,22.94,3.05,268.31
2026-05-16 17:50:51,794.35,20.81,5.25,301.77
2026-05-16 17:50:53,871.52,41.09,2.88,349.93
2026-05-16 17:50:55,518.39,26.56,3.29,240.85
2026-05-16 17:50:57,738.7,34.08,4.05,231.14
2026-05-16 17:50:59,682.77,19.38,2.0,297.76
2026-05-16 17:51:01,477.87,15.38,4.8,195.52
2026-05-16 17:51:03,742.11,33.49,3.78,184.86
2026-05-16 17:51:05,663.65,22.88,4.47,146.96
2026-05-16 17:51:07,500.2,19.52,4.18,55.4
2026-05-16 17:51:10,569.04,27.51,2.12,133.73
2026-05-16 17:51:12,913.72,37.17,3.95,307.85
2026-05-16 17:51:14,679.26,30.93,5.72,254.14
2026-05-16 17:51:16,690.5,20.69,2.36,212.07
2026-05-16 17:51:18,795.24,34.24,2.28,87.93
2026-05-16 17:51:20,800.03,31.13,4.14,91.06
2026-05-16 17:51:23,761.5,23.69,4.7,63.87
2026-05-16 17:51:25,436.36,20.26,3.21,302.95
2026-05-16 17:51:28,666.33,20.34,5.61,142.73
2026-05-16 17:51:30,489.76,17.0,5.91,255.34
2026-05-16 17:51:32,405.75,24.51,3.49,187.59
2026-05-16 17:51:34,864.52,41.75,5.78,158.13
2026-05-16 17:51:36,879.59,40.52,4.48,120.66
2026-05-16 17:51:38,455.31,42.95,3.86,146.57
2026-05-16 17:51:40,545.67,28.4,2.02,148.19
2026-05-16 17:51:42,789.63,30.54,2.45,206.21
2026-05-16 17:51:45,756.16,20.6,2.1,270.55
2026-05-16 17:51:47,443.04,23.75,5.27,138.36
2026-05-16 17:51:50,842.11,15.32,4.0,292.43
2026-05-16 17:51:52,776.54,23.61,2.49,140.86
2026-05-16 17:51:54,622.51,15.87,3.82,259.73
2026-05-16 17:51:56,430.86,44.86,5.21,138.92
2026-05-16 17:52:00,450.61,28.45,3.73,164.31
2026-05-16 17:52:02,548.34,27.98,3.88,203.87
2026-05-16 17:52:04,523.46,41.86,3.87,256.46
2026-05-16 17:52:06,431.75,31.03,4.23,251.89
2026-05-16 17:52:08,653.76,38.88,2.95,318.54
2026-05-16 17:52:10,607.53,40.18,4.87,258.86
2026-05-16 17:52:13,743.6,39.0,5.58,326.15
2026-05-16 17:52:15,469.59,27.68,5.28,98.06
2026-05-16 17:52:18,447.72,17.1,2.71,57.5
2026-05-16 17:52:20,601.85,42.19,5.13,174.66
2026-05-16 17:52:22,777.81,19.38,3.99,337.33
2026-05-16 17:52:24,645.14,40.71,2.62,58.73
2026-05-16 17:52:27,553.93,17.7,3.66,297.33
2026-05-16 17:52:29,948.44,21.11,2.6,267.22
2026-05-16 17:52:31,726.35,33.46,4.33,181.73
2026-05-16 17:52:33,944.92,34.8,3.66,105.13
2026-05-16 17:52:35,873.88,19.26,1.84,103.18
2026-05-16 17:52:37,682.81,30.17,3.59,105.77
2026-05-16 17:52:39,716.08,23.7,1.6,72.16
2026-05-16 17:52:41,768.23,29.67,4.84,329.33
2026-05-16 17:52:43,754.89,15.28,3.3,204.85
2026-05-16 17:52:45,711.02,26.69,1.51,336.81
2026-05-16 17:52:47,648.58,36.76,2.58,96.92
2026-05-16 17:52:49,827.54,38.3,1.77,310.03
2026-05-16 17:52:51,656.42,29.05,2.57,124.38
2026-05-16 17:52:53,659.87,16.2,5.32,220.81
2026-05-16 17:52:55,741.76,36.24,4.18,91.92
2026-05-16 17:52:57,525.07,37.55,4.73,306.79
2026-05-16 17:52:59,567.55,34.72,5.64,220.23
2026-05-16 17:53:01,851.24,44.76,4.51,158.84
2026-05-16 17:53:04,411.43,38.58,2.43,176.15
2026-05-16 17:53:06,819.07,31.56,5.98,209.65
2026-05-16 17:53:08,619.6,42.39,3.3,123.25
2026-05-16 17:53:10,503.02,38.18,2.98,63.43
2026-05-16 17:53:12,552.15,39.7,5.52,154.73
2026-05-16 17:53:14,805.0,21.22,4.78,129.75
2026-05-16 17:53:16,609.56,32.49,2.67,278.72
2026-05-16 17:53:18,895.86,36.13,3.53,289.58
2026-05-16 17:53:20,432.98,26.32,2.95,73.63
2026-05-16 17:53:22,865.07,40.74,2.23,108.07
2026-05-16 17:53:24,551.06,19.77,2.6,95.79
2026-05-16 17:53:26,766.94,27.39,3.6,200.38
2026-05-16 17:53:28,597.59,18.41,4.65,282.9
2026-05-16 17:53:30,439.69,41.87,2.9,299.08
2026-05-16 17:53:32,588.64,32.58,4.38,237.53
2026-05-16 17:53:34,601.09,39.89,3.65,328.26
2026-05-16 17:53:36,657.76,32.49,4.21,188.6
2026-05-16 17:53:38,661.69,39.28,2.9,79.58
2026-05-16 17:53:40,497.28,29.07,2.37,286.7
2026-05-16 17:53:42,402.03,18.54,5.95,147.97
2026-05-16 17:53:44,722.32,36.18,5.96,242.57
2026-05-16 17:53:46,440.31,29.28,4.2,181.32
2026-05-16 17:53:48,732.02,16.22,5.59,281.91
2026-05-16 17:53:50,404.56,20.84,4.3,172.12
2026-05-16 17:53:52,442.29,26.41,5.51,186.03
2026-05-16 17:53:54,932.61,29.58,2.73,275.57
2026-05-16 17:53:56,906.68,29.96,3.29,328.36
2026-05-16 17:53:58,406.57,33.41,5.6,240.5
2026-05-16 17:54:00,708.51,25.79,4.5,332.1
2026-05-16 17:54:02,775.83,27.74,4.48,314.54
2026-05-16 17:54:04,464.07,19.2,4.04,53.69
2026-05-16 17:54:06,923.88,42.9,1.88,210.8
2026-05-16 17:54:09,876.28,21.16,3.13,212.58
2026-05-16 17:54:11,793.93,22.79,5.28,346.03
2026-05-16 17:54:13,613.51,20.92,4.09,141.49
2026-05-16 17:54:15,931.02,43.32,5.11,157.87
2026-05-16 17:54:17,606.37,36.69,2.73,298.96
2026-05-16 17:54:19,644.47,24.37,5.84,283.28
2026-05-16 17:54:21,658.65,18.37,5.02,220.01
2026-05-16 17:54:23,631.05,26.58,3.76,315.32
2026-05-16 17:54:25,794.19,38.74,3.41,173.43
2026-05-16 17:54:27,435.1,17.74,2.82,66.61
2026-05-16 17:54:29,420.16,32.29,4.9,294.13
2026-05-16 17:54:31,767.75,33.46,2.96,182.91
2026-05-16 17:54:33,834.28,38.18,5.05,77.27
2026-05-16 17:54:35,837.67,40.89,4.97,239.26
2026-05-16 17:54:37,938.22,22.34,1.96,96.7
2026-05-16 17:54:39,461.78,42.49,3.91,236.78
2026-05-16 17:54:41,525.61,30.46,2.31,132.56
2026-05-16 17:54:43,808.24,43.2,4.69,90.65
2026-05-16 17:54:45,453.21,34.78,2.76,173.93
2026-05-16 17:54:48,515.15,19.37,5.61,72.01
2026-05-16 17:54:51,674.65,18.37,1.81,239.07
2026-05-16 17:54:53,427.43,42.36,3.6,142.07
2026-05-16 17:54:55,874.85,44.55,4.94,235.21
2026-05-16 17:54:57,830.34,16.28,4.53,168.47
2026-05-16 17:54:59,831.48,21.54,3.91,84.21
2026-05-16 17:55:01,890.44,15.56,5.96,324.67
2026-05-16 17:55:04,748.72,15.08,3.92,327.6
2026-05-16 17:55:06,713.86,20.44,4.8,331.32
2026-05-16 17:55:08,783.29,15.64,5.29,130.24
2026-05-16 17:55:10,617.43,19.75,4.92,272.21
2026-05-16 17:55:12,735.94,16.99,4.29,103.3
2026-05-16 17:55:14,433.01,42.28,2.22,312.17
2026-05-16 17:55:16,554.3,31.84,3.96,185.72
2026-05-16 17:55:18,853.85,29.04,4.59,83.16
2026-05-16 17:55:20,693.13,17.41,4.15,113.56
2026-05-16 17:55:22,846.32,29.98,5.96,285.04
2026-05-16 17:55:24,689.99,36.63,1.51,257.5
2026-05-16 17:55:26,772.43,29.49,5.46,348.64
2026-05-16 17:55:28,894.24,41.43,3.71,169.99
2026-05-16 17:55:30,734.58,32.86,5.34,281.32
2026-05-16 17:55:32,728.47,39.34,4.75,248.53
2026-05-16 17:55:34,779.89,24.5,3.1,234.73
2026-05-16 17:55:36,878.92,37.64,5.51,285.47
2026-05-16 17:55:38,810.78,16.93,4.15,118.06
2026-05-16 17:55:40,508.57,20.51,4.16,162.33
2026-05-16 17:55:42,599.25,40.31,3.32,240.65
2026-05-16 17:55:44,613.77,30.9,2.62,258.68
2026-05-16 17:55:46,859.68,34.34,2.56,339.92
2026-05-16 17:55:48,713.82,16.4,5.35,254.87
2026-05-16 17:55:50,785.15,25.52,2.92,189.83
2026-05-16 17:55:52,603.19,24.45,2.7,230.29
2026-05-16 17:55:54,746.59,24.57,3.57,245.1
2026-05-16 17:55:56,808.39,16.27,5.8,165.87
2026-05-16 17:55:58,936.92,19.39,4.62,164.74
2026-05-16 17:56:00,446.07,35.72,1.71,99.19
2026-05-16 17:56:03,467.12,32.88,2.27,143.34
2026-05-16 17:56:05,843.2,36.03,5.59,335.23
2026-05-16 17:56:07,845.31,43.9,2.4,88.93
2026-05-16 17:56:09,752.54,36.57,3.82,292.49
2026-05-16 17:56:11,827.79,41.74,1.62,304.69
2026-05-16 17:56:13,738.24,21.04,2.8,278.63
2026-05-16 17:56:15,548.32,37.65,3.0,202.14
2026-05-16 17:56:17,766.84,18.06,5.78,222.18
2026-05-16 17:56:19,673.94,31.55,3.39,138.51
2026-05-16 17:56:22,614.42,30.45,3.51,211.66
2026-05-16 17:56:24,706.55,22.05,5.24,103.68
2026-05-16 17:56:26,688.6,26.5,3.38,126.27
2026-05-16 17:56:28,663.54,19.56,1.71,138.91
2026-05-16 17:56:30,696.85,24.1,3.88,136.01
2026-05-16 17:56:33,880.23,35.85,5.46,90.42
2026-05-16 17:56:35,503.58,26.97,5.95,254.88
2026-05-16 17:56:37,662.34,34.19,4.47,270.77
2026-05-16 17:56:54,768.64,24.67,3.3,116.05
2026-05-16 17:56:56,615.96,19.84,4.86,91.28
2026-05-16 17:56:58,810.12,22.83,4.8,214.53
2026-05-16 17:57:00,582.85,16.87,5.8,152.55
2026-05-16 17:57:02,591.67,34.86,4.9,319.53
2026-05-16 17:57:04,519.0,20.54,5.39,271.73
2026-05-16 17:57:06,702.01,38.41,3.45,225.82
2026-05-16 17:57:08,922.57,41.92,5.36,92.49
2026-05-16 17:57:10,773.9,36.77,3.91,125.43
2026-05-16 17:57:12,790.56,19.43,4.38,126.49
2026-05-16 17:57:14,596.48,26.19,1.68,291.9
2026-05-16 17:57:16,504.31,31.01,5.2,237.03
2026-05-16 17:57:18,687.65,38.98,4.94,174.32
2026-05-16 17:57:20,836.14,43.19,4.53,64.76
2026-05-16 17:57:22,434.83,16.73,1.89,222.5
2026-05-16 17:57:24,873.17,33.37,4.36,183.23
2026-05-16 17:57:26,868.61,41.28,3.74,312.29
2026-05-16 17:57:28,488.64,18.7,5.32,100.84
2026-05-16 17:57:30,740.77,18.88,3.71,236.3
2026-05-16 17:57:32,472.83,34.6,1.83,261.39
2026-05-16 17:57:34,884.89,24.76,3.96,292.55
2026-05-16 17:57:36,859.68,41.99,4.38,170.6
2026-05-16 17:57:38,405.18,34.4,3.92,111.3
2026-05-16 17:57:40,914.58,32.25,5.61,237.4
2026-05-16 17:57:42,875.36,38.19,1.57,85.24
2026-05-16 17:57:44,447.67,32.04,5.94,186.17
2026-05-16 17:57:46,818.35,28.86,2.72,108.37
2026-05-16 17:57:49,835.65,15.39,5.09,201.33
2026-05-16 17:57:51,414.34,23.18,4.81,303.26
2026-05-16 17:57:53,745.7,40.73,2.75,52.29
2026-05-16 17:57:55,906.92,16.97,4.8,221.43
2026-05-16 17:57:57,794.68,36.1,4.14,65.59
2026-05-16 17:57:59,916.28,33.72,3.6,298.34
2026-05-16 17:58:01,691.34,31.97,2.61,232.47
2026-05-16 17:58:03,613.2,16.3,3.25,102.07
2026-05-16 17:58:05,464.46,43.13,5.39,294.04
2026-05-16 17:58:07,555.83,17.21,5.17,343.04
2026-05-16 17:58:09,665.9,27.98,4.87,239.76
2026-05-16 17:58:11,819.66,34.05,3.8,151.89
2026-05-16 17:58:13,921.96,37.82,4.4,144.08
2026-05-16 17:58:15,603.8,22.23,5.5,221.47
2026-05-16 17:58:17,413.65,20.59,5.45,244.6
2026-05-16 17:58:19,464.72,33.94,2.08,124.6
2026-05-16 17:58:21,808.91,15.93,4.44,299.04
2026-05-16 17:58:23,656.74,41.26,3.07,89.18
2026-05-16 17:58:25,785.55,28.95,4.96,199.86
2026-05-16 17:58:27,596.46,28.62,3.17,251.84
2026-05-16 17:58:29,736.1,35.4,2.44,279.53
2026-05-16 17:58:31,490.46,29.71,5.82,89.23
2026-05-16 17:58:33,685.16,31.21,2.37,260.04
2026-05-16 17:58:35,795.24,25.76,5.94,323.39
2026-05-16 17:58:37,514.92,18.68,5.94,100.93
2026-05-16 17:58:40,620.61,38.8,5.53,143.64
2026-05-16 17:58:42,506.99,23.54,2.5,317.19
2026-05-16 17:58:44,811.68,15.64,3.99,259.0
2026-05-16 17:58:47,459.46,17.97,3.79,55.36
2026-05-16 17:58:49,539.53,16.09,4.01,212.3
2026-05-16 17:58:51,669.57,23.64,5.06,76.99
2026-05-16 17:58:53,627.43,25.12,4.73,300.01
2026-05-16 17:58:55,488.55,29.56,1.61,122.81
2026-05-16 17:58:57,663.29,26.27,5.61,169.61
2026-05-16 17:58:59,428.79,31.48,2.9,212.98
2026-05-16 17:59:01,594.69,41.45,3.75,132.73
2026-05-16 17:59:03,619.52,42.08,1.62,308.19
2026-05-16 17:59:05,457.97,31.78,4.62,256.42
2026-05-16 17:59:07,450.36,15.79,4.04,220.35
2026-05-16 17:59:09,682.97,29.09,5.94,148.99
2026-05-16 17:59:11,651.94,24.31,1.87,325.26
2026-05-16 17:59:13,790.81,40.41,5.49,88.17
2026-05-16 17:59:15,798.68,41.07,2.44,189.85
2026-05-16 17:59:18,499.34,17.27,1.61,257.69
2026-05-16 17:59:20,643.64,20.09,4.8,139.06
2026-05-16 17:59:22,863.45,26.86,1.62,282.6
2026-05-16 17:59:24,930.07,37.84,5.4,267.09
2026-05-16 17:59:26,481.08,41.75,2.97,264.84
2026-05-16 17:59:28,655.39,19.72,3.14,118.11
2026-05-16 17:59:30,908.13,19.85,2.44,268.41
2026-05-16 17:59:32,908.34,26.77,2.35,85.92
2026-05-16 17:59:34,800.63,15.44,2.36,177.24
2026-05-16 17:59:36,930.34,43.72,5.88,315.71
2026-05-16 17:59:38,595.7,43.69,5.92,234.57
2026-05-16 17:59:40,907.74,17.53,2.53,134.73
2026-05-16 17:59:42,558.3,30.51,4.21,66.84
2026-05-16 17:59:44,627.68,20.79,1.61,69.98
2026-05-16 17:59:46,731.6,31.61,5.7,296.68
2026-05-16 17:59:49,537.92,40.86,1.72,66.0
2026-05-16 17:59:51,930.9,44.24,1.94,162.88
2026-05-16 17:59:53,712.36,24.6,2.53,260.15
2026-05-16 17:59:55,469.06,35.16,3.16,289.18
2026-05-16 17:59:57,572.95,31.27,5.52,82.11
2026-05-16 17:59:59,506.12,40.78,3.24,274.23
2026-05-16 18:00:01,578.18,33.34,1.61,163.73
2026-05-16 18:00:03,462.79,34.79,3.58,248.48
2026-05-16 18:00:05,755.33,17.15,5.97,229.87
2026-05-16 18:00:07,706.55,37.46,3.78,251.35
2026-05-16 18:00:09,864.99,31.54,3.95,337.39
2026-05-16 18:00:11,482.68,23.2,5.09,136.69
2026-05-16 18:00:13,504.34,30.12,3.73,186.05
2026-05-16 18:00:15,920.89,35.34,2.69,297.81
2026-05-16 18:00:17,615.24,32.31,3.82,187.99
2026-05-16 18:00:19,468.38,27.53,3.35,117.45
2026-05-16 18:00:21,533.64,24.35,5.4,237.69
2026-05-16 18:00:23,901.57,29.6,1.92,158.02
2026-05-16 18:00:25,598.8,29.36,2.69,89.63
2026-05-16 18:00:27,625.01,43.11,2.89,342.71
2026-05-16 18:00:29,857.89,21.12,3.59,250.69
2026-05-16 18:00:31,614.18,27.04,1.8,50.6
2026-05-16 18:00:33,848.24,33.19,2.54,254.16
2026-05-16 18:00:35,754.33,28.99,4.1,324.86
2026-05-16 18:00:37,876.36,27.73,3.29,280.43
2026-05-16 18:00:39,813.5,19.03,3.91,145.77
2026-05-16 18:00:41,470.01,19.21,3.59,324.09
2026-05-16 18:00:44,644.02,33.48,2.61,152.69
2026-05-16 18:00:46,864.84,34.74,4.39,257.31
2026-05-16 18:00:48,430.84,22.9,3.81,82.64
2026-05-16 18:00:50,641.46,22.02,1.98,204.3
2026-05-16 18:00:52,700.04,39.04,3.18,71.9
2026-05-16 18:00:54,481.4,15.71,5.24,186.61
2026-05-16 18:00:56,407.83,32.72,5.82,84.53
2026-05-16 18:00:58,794.73,34.15,3.77,108.97
2026-05-16 18:01:00,886.23,21.27,4.41,255.16
2026-05-16 18:01:02,438.46,23.72,4.22,63.6
2026-05-16 18:01:04,707.17,19.66,5.82,170.08
2026-05-16 18:01:06,532.16,34.52,4.82,175.03
2026-05-16 18:01:08,665.48,20.47,1.57,182.52
2026-05-16 18:01:10,552.56,17.01,2.83,164.86
2026-05-16 18:01:13,639.11,33.8,1.81,237.39
2026-05-16 18:01:15,886.69,35.84,4.12,265.11
2026-05-16 18:01:17,453.16,36.44,2.6,187.94
2026-05-16 18:01:19,790.2,39.53,4.17,102.39
2026-05-16 18:01:22,549.58,17.18,5.3,131.09
2026-05-16 18:01:24,636.6,21.19,4.19,59.31
2026-05-16 18:01:26,582.49,35.6,2.73,322.39
2026-05-16 18:01:28,401.5,27.68,4.31,87.38
2026-05-16 18:01:30,717.01,21.89,2.75,166.15
2026-05-16 18:01:32,491.85,26.37,1.51,232.98
2026-05-16 18:01:34,814.84,31.38,5.72,250.86
2026-05-16 18:01:36,938.61,44.05,2.08,107.39
2026-05-16 18:01:38,423.81,24.05,4.9,119.3
2026-05-16 18:01:40,841.56,27.37,1.92,114.75
2026-05-16 18:01:42,707.72,26.54,5.74,216.7
2026-05-16 18:01:44,825.62,24.05,3.96,95.92
2026-05-16 18:01:46,424.15,27.05,3.89,198.25
2026-05-16 18:01:49,523.15,34.95,4.47,302.46
2026-05-16 18:01:51,879.59,40.27,4.99,137.91
2026-05-16 18:01:53,832.82,29.89,5.96,333.17
2026-05-16 18:01:55,681.52,37.16,5.32,143.95
2026-05-16 18:01:57,700.53,26.51,3.26,317.76
2026-05-16 18:01:59,583.34,41.17,4.9,319.64
2026-05-16 18:02:01,714.7,22.71,4.72,314.95
2026-05-16 18:02:03,556.58,23.37,3.53,171.76
2026-05-16 18:02:05,602.24,42.66,4.53,138.74
2026-05-16 18:02:07,445.86,26.64,3.69,59.48
2026-05-16 18:02:09,461.81,16.75,5.35,124.16
2026-05-16 18:02:11,728.44,21.38,3.03,291.32
2026-05-16 18:02:13,811.99,36.19,3.31,149.02
2026-05-16 18:02:15,433.56,25.38,1.56,309.63
2026-05-16 18:02:17,576.5,26.13,2.0,147.65
2026-05-16 18:02:19,577.99,28.65,4.99,60.04
2026-05-16 18:02:22,452.16,23.92,2.15,169.64
2026-05-16 18:02:24,717.24,25.87,4.23,178.18
2026-05-16 18:02:26,818.72,22.7,5.76,78.84
2026-05-16 18:02:28,566.1,38.95,2.87,124.27
2026-05-16 18:02:30,705.62,21.3,5.18,202.31
2026-05-16 18:02:32,558.44,16.21,5.28,343.63
2026-05-16 18:02:34,768.41,41.28,3.61,146.27
2026-05-16 18:02:36,931.68,22.2,2.75,221.72
2026-05-16 18:02:38,913.41,43.73,4.39,205.84
2026-05-16 18:02:40,540.25,41.92,5.7,59.43
2026-05-16 18:02:42,879.14,41.47,2.85,126.34
2026-05-16 18:02:44,886.49,28.25,4.43,347.35
2026-05-16 18:02:46,558.03,16.95,5.81,246.62
2026-05-16 18:02:48,859.89,23.23,3.51,273.21
2026-05-16 18:02:50,436.25,31.29,5.08,325.07
2026-05-16 18:02:52,693.93,44.24,2.9,205.23
2026-05-16 18:02:54,500.64,41.02,3.2,261.73
2026-05-16 18:02:56,623.14,30.3,1.99,276.69
2026-05-16 18:02:58,676.66,18.07,2.97,119.68
2026-05-16 18:03:00,947.51,29.62,1.91,230.83
2026-05-16 18:03:02,501.46,41.3,5.62,238.51
2026-05-16 18:03:04,764.78,35.35,3.41,324.94
2026-05-16 18:03:06,467.18,33.51,3.44,322.6
2026-05-16 18:03:08,604.38,35.53,4.42,129.37
2026-05-16 18:03:10,844.16,31.58,5.98,178.42
2026-05-16 18:03:12,882.3,18.93,5.01,290.42
2026-05-16 18:03:14,750.74,36.45,3.62,70.7
2026-05-16 18:03:16,747.92,38.68,4.94,122.91
2026-05-16 18:03:18,921.65,34.08,4.26,288.7
2026-05-16 18:03:21,459.76,41.67,5.48,169.07
2026-05-16 18:03:23,711.53,31.42,5.72,181.25
2026-05-16 18:03:25,870.64,39.76,2.29,84.27
2026-05-16 18:03:27,606.92,24.18,2.35,333.24
2026-05-16 18:03:29,556.19,37.52,2.69,202.05
2026-05-16 18:03:32,501.7,35.84,5.1,249.06
2026-05-16 18:03:34,521.69,34.06,1.75,174.67
2026-05-16 18:03:36,605.36,21.27,3.37,101.01
2026-05-16 18:03:38,455.91,37.67,2.84,130.04
2026-05-16 18:03:40,794.07,18.87,2.27,291.86
2026-05-16 18:03:43,651.53,29.23,1.68,256.93
2026-05-16 18:03:45,563.82,39.6,3.84,289.71
2026-05-16 18:03:47,723.64,37.22,5.05,284.42
2026-05-16 18:03:49,883.02,33.96,2.42,251.52
2026-05-16 18:03:51,691.39,17.64,4.19,251.84
2026-05-16 18:03:53,485.22,29.52,1.63,78.82
2026-05-16 18:03:55,535.22,29.34,1.88,291.59
2026-05-16 18:03:57,560.84,37.14,5.5,264.9
2026-05-16 18:03:59,636.53,29.03,4.48,88.54
2026-05-16 18:04:01,884.05,42.6,2.47,146.72
2026-05-16 18:04:03,562.59,40.17,4.06,285.64
2026-05-16 18:04:05,728.56,28.39,4.57,261.11
2026-05-16 18:04:07,935.04,26.13,4.02,206.66
2026-05-16 18:04:10,471.38,17.43,5.87,203.46
2026-05-16 18:04:12,851.64,30.42,5.22,260.05
2026-05-16 18:04:14,493.21,18.79,3.09,163.78
2026-05-16 18:04:17,431.09,25.83,5.65,129.12
2026-05-16 18:04:19,678.68,16.59,1.62,52.09
2026-05-16 18:04:21,737.67,32.27,3.17,291.8
2026-05-16 18:04:23,881.18,41.96,3.21,148.3
2026-05-16 18:04:25,708.23,43.45,4.59,160.72
2026-05-16 18:04:27,747.8,18.77,5.94,171.55
2026-05-16 18:04:29,891.34,30.95,4.48,268.2
2026-05-16 18:04:31,462.44,17.61,3.11,208.99
2026-05-16 18:04:33,862.42,32.43,5.52,129.3
2026-05-16 18:04:35,598.36,16.54,3.94,61.49
2026-05-16 18:04:38,578.36,37.52,3.2,319.38
2026-05-16 18:04:40,810.78,39.0,2.71,141.38
2026-05-16 18:04:43,571.31,18.33,2.42,301.34
2026-05-16 18:04:45,921.93,17.56,3.77,228.92
2026-05-16 18:04:47,680.78,32.0,1.7,64.84
2026-05-16 18:04:49,712.27,19.25,4.22,139.73
2026-05-16 18:04:51,945.77,41.91,1.84,178.51
2026-05-16 18:04:54,595.46,34.56,4.26,216.72
2026-05-16 18:04:56,769.92,42.97,5.97,213.02
2026-05-16 18:04:58,471.56,27.24,4.6,223.68
2026-05-16 18:05:00,662.29,31.33,1.79,126.7
2026-05-16 18:05:02,769.27,38.61,3.52,67.09
2026-05-16 18:05:06,551.64,26.43,2.73,237.05
2026-05-16 18:05:08,811.22,30.91,3.79,141.6
2026-05-16 18:05:10,851.91,31.95,5.77,282.78
2026-05-16 18:05:12,697.47,18.3,3.43,171.36
2026-05-16 18:05:14,708.56,43.95,5.13,58.9
2026-05-16 18:05:16,573.12,25.11,4.8,335.02
2026-05-16 18:05:19,703.59,22.96,4.57,321.4
2026-05-16 18:05:21,787.05,27.07,2.28,94.08
2026-05-16 18:05:23,501.09,29.22,4.46,165.18
2026-05-16 18:05:26,655.14,16.11,5.54,245.25
2026-05-16 18:05:28,743.08,38.88,2.7,71.06
2026-05-16 18:05:30,456.21,31.14,2.17,185.39
2026-05-16 18:05:32,697.01,36.88,5.64,295.75
2026-05-16 18:05:35,475.1,30.78,3.83,90.63
2026-05-16 18:05:37,511.3,20.15,5.22,329.51
2026-05-16 18:05:39,413.24,37.43,2.03,76.51
2026-05-16 18:05:42,864.33,21.22,4.34,170.29
2026-05-16 18:05:44,470.08,36.8,2.34,151.88
2026-05-16 18:05:46,507.4,21.73,3.13,51.51
2026-05-16 18:05:48,941.32,36.41,5.67,54.33
2026-05-16 18:05:51,902.89,21.64,2.94,320.68
2026-05-16 18:05:53,407.99,22.05,4.91,110.83
2026-05-16 18:05:55,707.84,35.39,1.69,180.51
2026-05-16 18:05:58,498.34,20.54,1.7,231.23
2026-05-16 18:06:00,943.43,17.64,4.76,226.42
2026-05-16 18:06:02,772.6,32.38,4.65,248.08
2026-05-16 18:06:04,882.15,39.15,4.56,307.05
2026-05-16 18:06:06,685.25,16.53,3.6,94.35
2026-05-16 18:06:08,735.95,41.75,4.41,137.02
2026-05-16 18:06:10,771.27,23.44,4.17,151.44
2026-05-16 18:06:12,759.57,32.1,4.55,69.79
2026-05-16 18:06:14,656.46,28.32,5.21,59.5
2026-05-16 18:06:17,449.1,33.22,3.47,233.75
2026-05-16 18:06:19,713.49,24.96,4.53,249.0
2026-05-16 18:06:21,807.51,36.09,3.45,243.8
2026-05-16 18:06:24,783.77,15.61,5.09,287.35
2026-05-16 18:06:26,730.8,23.17,3.25,334.07
2026-05-16 18:06:28,879.27,43.57,3.13,288.4
2026-05-16 18:06:30,777.56,27.38,1.82,199.29
2026-05-16 18:06:32,604.69,44.85,5.42,341.08
2026-05-16 18:06:34,931.22,22.61,3.51,131.69
2026-05-16 18:06:36,557.64,28.11,5.61,259.07
2026-05-16 18:06:38,413.31,39.73,2.6,118.06
2026-05-16 18:06:41,526.86,43.27,5.25,334.9
2026-05-16 18:06:43,578.24,19.46,4.42,119.82
2026-05-16 18:06:45,400.54,40.51,2.74,213.63
2026-05-16 18:06:47,558.14,25.66,1.55,268.32
2026-05-16 18:06:49,929.24,26.7,2.42,117.08
2026-05-16 18:06:51,901.65,30.45,1.63,277.8
2026-05-16 18:06:53,942.86,31.7,2.37,63.33
2026-05-16 18:06:55,728.14,19.0,5.6,115.4
2026-05-16 18:06:57,416.8,17.37,5.19,271.74
2026-05-16 18:06:59,727.61,40.86,3.78,327.07
2026-05-16 18:07:01,813.45,40.7,3.67,294.34
2026-05-16 18:07:04,663.75,25.22,1.72,78.92
2026-05-16 18:07:06,440.49,28.17,3.99,307.71
2026-05-16 18:07:08,426.75,39.57,5.43,89.12
2026-05-16 18:07:10,460.49,42.73,2.92,122.83
2026-05-16 18:07:13,736.24,40.4,2.09,59.01
2026-05-16 18:07:15,544.37,20.55,1.64,99.93
2026-05-16 18:07:17,553.62,38.19,5.54,344.26
2026-05-16 18:07:19,468.78,24.33,5.77,224.41
2026-05-16 18:07:21,747.44,28.94,5.52,188.05
2026-05-16 18:07:23,648.17,41.93,2.52,259.36
2026-05-16 18:07:25,891.39,39.52,1.88,201.26
2026-05-16 18:07:27,937.3,40.22,3.08,80.12
2026-05-16 18:07:29,740.03,23.86,5.86,69.73
2026-05-16 18:07:31,850.75,24.83,3.7,101.05
2026-05-16 18:07:33,862.54,34.95,4.83,267.48
2026-05-16 18:07:35,805.46,40.68,1.69,214.81
2026-05-16 18:07:37,435.66,43.66,4.23,132.24
2026-05-16 18:07:40,939.1,22.12,5.86,253.14
2026-05-16 18:07:42,440.42,20.6,5.03,307.87
2026-05-16 18:07:44,933.36,26.63,4.2,116.25
2026-05-16 18:07:47,486.08,16.37,2.57,343.79
2026-05-16 18:07:49,657.75,23.52,4.73,186.73
2026-05-16 18:07:51,728.98,17.41,4.37,168.7
2026-05-16 18:07:53,701.82,39.25,4.99,295.58
2026-05-16 18:07:55,881.57,23.68,3.87,161.94
2026-05-16 18:07:57,523.16,20.38,4.04,283.91
2026-05-16 18:08:00,623.71,23.41,5.66,146.72
2026-05-16 18:08:02,778.2,16.56,2.68,176.32
2026-05-16 18:08:05,594.81,32.69,4.59,159.25
2026-05-16 18:08:07,529.21,20.38,5.17,254.02
2026-05-16 18:08:09,647.29,28.15,4.58,124.73
2026-05-16 18:08:12,602.15,42.33,5.52,154.38
2026-05-16 18:08:14,664.48,37.32,3.44,106.04
2026-05-16 18:08:16,513.36,41.31,2.01,215.54
2026-05-16 18:08:19,524.34,28.06,4.23,183.98
2026-05-16 18:08:21,504.62,20.26,3.58,342.39
2026-05-16 18:08:23,404.46,42.98,2.75,223.26
2026-05-16 18:08:25,449.89,35.88,5.12,255.48
2026-05-16 18:08:27,633.39,19.91,3.55,326.25
2026-05-16 18:08:29,508.65,35.53,2.45,335.28
2026-05-16 18:08:32,565.03,20.5,5.41,235.2
2026-05-16 18:08:34,866.92,32.24,3.37,269.81
2026-05-16 18:08:36,611.46,26.24,3.81,270.68
2026-05-16 18:08:38,721.36,15.06,3.92,270.96
2026-05-16 18:08:40,672.64,17.58,3.35,194.68
2026-05-16 18:08:42,947.43,26.1,5.93,164.31
2026-05-16 18:08:44,704.27,40.9,3.03,273.16
2026-05-16 18:08:46,438.92,17.56,1.99,150.25
2026-05-16 18:08:48,905.99,33.45,3.63,131.46
2026-05-16 18:08:50,658.59,34.09,4.73,135.05
2026-05-16 18:08:52,527.46,38.48,3.65,329.52
2026-05-16 18:08:54,698.5,38.12,5.28,301.09
2026-05-16 18:08:56,737.49,27.3,2.14,169.04
2026-05-16 18:08:58,863.07,42.43,3.25,323.53
2026-05-16 18:09:00,921.83,19.5,3.73,221.6
2026-05-16 18:09:02,655.18,16.68,5.59,54.76
2026-05-16 18:09:04,948.12,30.19,3.39,152.14
2026-05-16 18:09:06,498.57,17.33,3.42,213.52
2026-05-16 18:09:08,652.88,20.94,5.44,291.12
2026-05-16 18:09:10,781.12,36.83,5.87,273.63
2026-05-16 18:09:12,527.09,15.89,5.28,80.63
2026-05-16 18:09:14,412.29,42.66,3.86,227.76
2026-05-16 18:09:16,510.42,43.67,5.58,270.66
2026-05-16 18:09:18,476.15,17.18,2.01,150.48
2026-05-16 18:09:20,525.52,24.45,3.59,293.24
2026-05-16 18:09:23,637.24,27.13,3.17,289.31
2026-05-16 18:09:25,434.8,28.47,4.41,262.31
2026-05-16 18:09:27,695.59,15.18,5.99,107.18
2026-05-16 18:09:29,817.8,32.75,5.14,136.26
2026-05-16 18:09:31,747.05,29.9,3.17,276.69
2026-05-16 18:09:33,597.69,16.71,3.08,109.37
2026-05-16 18:09:35,651.49,40.66,1.52,232.59
2026-05-16 18:09:37,899.97,19.61,4.05,55.02
2026-05-16 18:09:39,498.25,15.46,2.31,285.7
2026-05-16 18:09:41,694.6,40.65,4.35,337.29
2026-05-16 18:09:44,457.91,35.3,5.11,88.57
2026-05-16 18:09:46,642.99,26.21,3.79,248.68
2026-05-16 18:09:48,649.43,33.67,3.36,303.75
2026-05-16 18:09:50,938.94,24.0,5.58,61.16
2026-05-16 18:09:52,419.61,21.28,5.14,204.12
2026-05-16 18:09:54,922.93,26.44,2.78,178.1
2026-05-16 18:09:56,404.61,24.26,4.9,217.86
2026-05-16 18:09:58,538.29,40.66,2.61,313.52
2026-05-16 18:10:00,723.37,16.93,4.54,204.87
2026-05-16 18:10:02,567.97,42.13,5.15,297.46
2026-05-16 18:10:04,628.12,39.43,5.46,316.37
2026-05-16 18:10:06,676.08,37.61,3.26,156.54
2026-05-16 18:10:08,587.14,33.07,5.33,311.02
2026-05-16 18:10:11,535.53,17.17,1.81,334.97
2026-05-16 18:10:13,898.25,36.17,4.99,251.24
2026-05-16 18:10:15,435.65,44.75,2.55,317.89
2026-05-16 18:10:17,933.58,15.99,2.61,145.65
2026-05-16 18:10:19,416.06,34.51,1.89,227.28
2026-05-16 18:10:21,662.7,16.06,3.84,306.99
2026-05-16 18:10:23,671.49,30.34,4.21,345.9
2026-05-16 18:10:26,937.82,20.55,3.98,123.05
2026-05-16 18:10:28,646.44,36.16,1.64,57.14
2026-05-16 18:10:30,931.87,34.74,1.53,176.47
2026-05-16 18:10:32,767.79,28.78,3.29,321.91
2026-05-16 18:10:34,770.85,27.93,4.33,92.37
2026-05-16 18:10:36,585.43,16.37,5.82,118.95
2026-05-16 18:10:38,594.4,43.18,4.77,71.33
2026-05-16 18:10:40,474.05,24.41,1.72,149.54
2026-05-16 18:10:43,700.92,19.06,5.3,124.42
2026-05-16 18:10:46,438.13,34.19,5.78,125.08
2026-05-16 18:10:48,691.64,35.47,5.79,122.05
2026-05-16 18:10:50,590.93,44.45,2.6,191.29
2026-05-16 18:10:53,782.18,25.25,3.97,197.73
2026-05-16 18:10:55,948.45,29.77,4.89,152.8
2026-05-16 18:10:57,892.4,34.76,4.75,338.25
2026-05-16 18:10:59,561.49,27.09,4.97,149.0
2026-05-16 18:11:01,762.51,34.16,3.4,334.34
2026-05-16 18:11:03,638.22,20.2,4.27,331.78
2026-05-16 18:11:05,829.14,24.78,2.97,114.72
2026-05-16 18:11:07,829.52,33.55,5.48,111.57
2026-05-16 18:11:09,683.27,20.93,4.68,235.94
2026-05-16 18:11:11,644.16,29.14,5.15,254.82
2026-05-16 18:11:13,788.46,25.0,5.07,158.17
2026-05-16 18:11:15,554.86,38.72,4.19,202.05
2026-05-16 18:11:17,794.31,25.27,2.36,79.1
2026-05-16 18:11:19,661.83,21.17,5.35,224.22
2026-05-16 18:11:21,702.41,31.72,2.3,344.23
2026-05-16 18:11:23,672.12,23.03,3.43,88.22
2026-05-16 18:11:25,883.13,40.9,4.52,180.49
2026-05-16 18:11:27,599.55,18.47,1.94,202.7
2026-05-16 18:11:29,866.12,18.93,3.98,131.4
2026-05-16 18:11:31,724.35,19.58,1.55,102.26
2026-05-16 18:11:33,708.0,44.05,3.01,237.41
2026-05-16 18:11:35,601.39,25.72,5.23,306.58
2026-05-16 18:11:37,834.6,35.66,2.18,73.76
2026-05-16 18:11:40,765.79,20.54,3.11,200.68
2026-05-16 18:11:42,663.58,22.94,2.98,101.91
2026-05-16 18:11:44,848.53,23.5,5.64,177.88
2026-05-16 18:11:46,551.81,37.83,3.92,83.0
2026-05-16 18:11:48,610.86,42.08,5.04,187.31
2026-05-16 18:11:50,665.25,22.14,3.34,78.27
2026-05-16 18:11:53,418.67,32.04,2.58,318.9
2026-05-16 18:11:55,745.75,44.54,2.15,330.47
2026-05-16 18:11:57,531.79,39.88,5.1,67.32
2026-05-16 18:11:59,505.83,25.37,3.83,59.04
2026-05-16 18:12:01,649.88,24.7,4.61,267.57
2026-05-16 18:12:03,770.81,24.82,5.11,50.16
2026-05-16 18:12:05,600.09,33.48,3.8,164.44
2026-05-16 18:12:08,616.56,28.12,2.07,279.91
2026-05-16 18:12:10,619.8,15.51,2.3,199.61
2026-05-16 18:12:12,533.22,43.6,3.85,272.16
2026-05-16 18:12:14,523.45,32.9,4.08,228.63
2026-05-16 18:12:16,888.43,35.52,4.98,286.66
2026-05-16 18:12:18,927.8,38.47,3.66,90.64
2026-05-16 18:12:20,707.88,15.85,4.46,208.11
2026-05-16 18:12:22,614.42,27.01,2.28,81.95
2026-05-16 18:12:24,687.98,24.43,2.47,187.3
2026-05-16 18:12:26,463.95,25.77,2.84,50.67
2026-05-16 18:12:28,454.65,29.99,3.86,224.94
2026-05-16 18:12:30,544.03,39.46,4.21,125.74
2026-05-16 18:12:32,701.11,22.11,2.96,207.57
2026-05-16 18:12:34,421.74,17.23,3.71,134.24
2026-05-16 18:12:36,899.83,37.98,5.96,344.67
2026-05-16 18:12:38,614.8,44.92,3.22,261.35
2026-05-16 18:12:40,461.68,19.95,3.49,159.81
2026-05-16 18:12:42,476.12,26.93,2.03,286.73
2026-05-16 18:12:44,843.49,29.97,1.76,120.5
2026-05-16 18:12:46,942.18,15.52,2.34,172.21
2026-05-16 18:12:48,765.46,20.03,1.8,92.29
2026-05-16 18:12:51,526.17,36.06,3.87,222.58
2026-05-16 18:12:53,555.12,15.99,5.8,98.91
2026-05-16 18:12:55,844.46,23.38,2.85,255.05
2026-05-16 18:12:57,558.57,16.88,1.93,136.5
2026-05-16 18:12:59,480.43,18.78,2.61,286.89
2026-05-16 18:13:01,575.47,40.59,2.22,312.39
2026-05-16 18:13:03,789.18,24.25,1.73,168.93
2026-05-16 18:13:05,589.01,41.07,4.61,296.52
2026-05-16 18:13:07,668.79,33.07,2.24,267.02
2026-05-16 18:13:09,666.56,17.67,5.0,93.86
2026-05-16 18:13:11,933.89,42.08,5.79,293.66
2026-05-16 18:13:13,456.02,28.95,3.44,228.14
2026-05-16 18:13:15,782.68,32.67,2.68,220.48
2026-05-16 18:13:17,872.11,41.73,2.04,80.93
2026-05-16 18:13:20,629.16,43.87,3.61,333.84
2026-05-16 18:13:22,835.3,43.4,2.23,168.18
2026-05-16 18:13:24,515.79,41.19,4.74,283.99
2026-05-16 18:13:26,573.2,23.03,2.75,254.81
2026-05-16 18:13:28,705.96,23.3,5.42,240.35
2026-05-16 18:13:30,555.45,41.09,5.21,152.15
2026-05-16 18:13:32,764.63,28.7,5.74,122.42
2026-05-16 18:13:36,930.83,26.36,2.61,322.73
2026-05-16 18:13:38,408.13,38.61,4.2,246.66
2026-05-16 18:13:40,669.83,42.52,3.3,151.29
2026-05-16 18:13:43,645.68,43.27,3.71,51.85
2026-05-16 18:13:45,487.16,38.61,2.16,193.3
2026-05-16 18:13:47,524.26,31.89,3.01,291.76
2026-05-16 18:13:49,771.95,25.63,4.72,233.98
2026-05-16 18:13:51,776.08,23.16,5.72,61.82
2026-05-16 18:13:53,663.47,31.48,5.22,97.97
2026-05-16 18:13:55,528.29,37.86,4.15,266.71
2026-05-16 18:13:57,446.95,27.86,4.88,337.16
2026-05-16 18:14:00,895.3,24.29,2.1,236.12
2026-05-16 18:14:02,568.81,41.44,2.19,271.64
2026-05-16 18:14:04,718.76,39.39,5.48,128.3
2026-05-16 18:14:06,773.17,29.99,2.42,276.01
2026-05-16 18:14:08,417.43,25.18,3.65,261.48
2026-05-16 18:14:10,437.87,31.39,2.8,238.49
2026-05-16 18:14:12,934.3,24.36,2.94,320.72
2026-05-16 18:14:14,632.7,37.84,2.31,232.48
2026-05-16 18:14:17,606.34,19.74,5.22,349.16
2026-05-16 18:14:19,925.9,20.32,4.84,229.13
2026-05-16 18:14:21,712.64,20.73,2.95,86.15
2026-05-16 18:14:23,527.41,23.28,1.56,269.58
2026-05-16 18:14:25,444.91,23.2,2.13,310.52
2026-05-16 18:14:28,657.62,17.08,3.31,95.63
2026-05-16 18:14:30,672.25,20.81,5.2,336.16
2026-05-16 18:14:33,906.63,26.48,5.78,260.85
2026-05-16 18:14:35,835.37,21.35,5.73,266.99
2026-05-16 18:14:37,749.15,36.24,5.21,318.66
2026-05-16 18:14:39,718.0,28.08,4.6,210.53
2026-05-16 18:14:41,541.19,24.29,1.67,61.32
2026-05-16 18:14:43,485.48,29.71,4.27,129.99
2026-05-16 18:14:46,900.92,24.23,3.91,50.17
2026-05-16 18:14:48,694.13,38.76,1.58,120.48
2026-05-16 18:14:50,535.81,40.39,5.72,168.65
2026-05-16 18:14:52,473.46,29.02,3.36,81.36
2026-05-16 18:14:55,462.53,25.15,1.69,280.03
2026-05-16 18:14:57,480.44,38.47,5.76,156.67
2026-05-16 18:14:59,851.79,26.74,1.6,68.06
2026-05-16 18:15:02,755.34,26.73,3.76,279.78
2026-05-16 18:15:04,920.07,42.88,4.33,63.32
2026-05-16 18:15:07,762.78,21.4,4.96,230.09
2026-05-16 18:15:09,807.6,34.65,2.07,279.31
2026-05-16 18:15:11,691.21,31.97,5.65,223.12
2026-05-16 18:15:13,521.03,41.72,3.78,243.71
2026-05-16 18:15:15,582.89,22.52,5.38,258.24
2026-05-16 18:15:17,550.72,20.26,2.31,133.59
2026-05-16 18:15:19,514.19,40.63,2.47,290.91
2026-05-16 18:15:21,742.66,21.55,4.32,131.42
2026-05-16 18:15:24,692.04,43.73,2.9,165.41
2026-05-16 18:15:26,934.18,15.7,5.22,60.75
2026-05-16 18:15:28,612.51,24.84,3.8,116.45
2026-05-16 18:15:30,524.65,27.22,2.74,228.44
2026-05-16 18:15:32,437.22,17.45,5.8,240.41
